"PROCESSO;SEI;ANALISE TECNICA;ANO;VIA;UF;REGIAO;DATA FINALIZACAO;DESCRICAO;QUANTITATIVO INICIAL;UNIDADE INICIAL;PRECO UNITARIO INICIAL;MES-BASE INICIAL;ANO-BASE INICIAL;PRECO TOTAL INICIAL AJUSTADO;QUANTITATIVO FINAL;UNIDADE FINAL;PRECO UNITARIO FINAL;MES-BASE FINAL;ANO-BASE FINAL;PRECO TOTAL FINAL AJUSTADO;MODALIDADE;TIPO DE INDICE;INDICE MES-BASE PROJETO;INDICE MES-BASE ANALISE FINAL;INDICE MES-BASE ECONOMIA;ECONOMIA;PESO;VARIACAO PROJETO X PARECER;VARIACAO PONDERADA"
"50607.001123/2019-25;4617747;AT n. 52/2019;2019;BR-101;RJ;Sudeste;05/12/2019;Aquisicao"
"50607.001123/2019-25;4617747;AT n. 52/2019;2019;BR-101;RJ;Sudeste;05/12/2019;Taxa de recebimento de residuos solidos em bota fora comercial. ;4.677"
"50607.001123/2019-25;4617747;AT n. 52/2019;2019;BR-101;RJ;Sudeste;05/12/2019;Fornecimento e colocacao de barreira de siltagem.;30;m;R$ 12"
"50607.001123/2019-25;4617747;AT n. 52/2019;2019;BR-101;RJ;Sudeste;05/12/2019;Barra transferencia ? 32mm ? aco CA-25 ? fornecimento"
"50607.001123/2019-25;4617747;AT n. 52/2019;2019;BR-101;RJ;Sudeste;05/12/2019;Fornecimento e implantacao de placa de regulamentacao em aco D= 0"
"50607.001123/2019-25;4617747;AT n. 52/2019;2019;BR-101;RJ;Sudeste;05/12/2019;Fornecimento e implantacao de suporte metAlico galvanizado para placa de regulamentacao ? D= 0"
"50607.001123/2019-25;4617747;AT n. 52/2019;2019;BR-101;RJ;Sudeste;05/12/2019;Guarda corpo metAlico. ;1.226"
"50607.001170/2019-79;4621618;AT n. 58/2019;2019;BR-101;RJ;Sudeste;05/12/2019;Aquisicao"
"50607.001170/2019-79;4621618;AT n. 58/2019;2019;BR-101;RJ;Sudeste;05/12/2019;Taxa para recebimento de residuos solidos em bota fora comercial. ;2.913"
"50607.001170/2019-79;4621618;AT n. 58/2019;2019;BR-101;RJ;Sudeste;05/12/2019;Fornecimento e colocacao de barreira de siltagem. ;269;m;R$ 12"
"50607.001170/2019-79;4621618;AT n. 58/2019;2019;BR-101;RJ;Sudeste;05/12/2019;Barra transferencia ? 32 mm ? aco CA-25 ? fornecimento"
"50607.001170/2019-79;4621618;AT n. 58/2019;2019;BR-101;RJ;Sudeste;05/12/2019;Fornecimento e implantacao de placa de regulamentacao em aco D= 0"
"50607.001170/2019-79;4621618;AT n. 58/2019;2019;BR-101;RJ;Sudeste;05/12/2019;Fornecimento e implantacao de suporte metAlico galvanizado para placa de regulamentacao ? D= 0"
"50607.001170/2019-79;4621618;AT n. 58/2019;2019;BR-101;RJ;Sudeste;05/12/2019;Guarda corpo metAlico. ;738"
"50600.031795/2019-25;4607671;AT n. 57/2019;2019;BR-317;AC;Norte;06/12/2019;Limpeza de material retido em fundacao submersa. ;11;unid.;R$ 1.826"
"50607.000942/2019-55;4631779;AT n. 51/2019;2019;BR-101;RJ;Sudeste;09/12/2019;Tela metAlica tipo SteelGrid HR 50 ou similar"
"50607.000942/2019-55;4631779;AT n. 51/2019;2019;BR-101;RJ;Sudeste;09/12/2019;Tirante de barra de aco 750 Mpa D= 32 mm ? ancorado na rocha com resina de poliester ? carga de trabalho permanente de 260 kN ? fornecimento e instalacao. ;23.384"
"50607.000942/2019-55;4631779;AT n. 51/2019;2019;BR-101;RJ;Sudeste;09/12/2019;Dreno sub-horizontal ? DSH 01 ? exclusive perfuracao. ;944"
"50607.000942/2019-55;4631779;AT n. 51/2019;2019;BR-101;RJ;Sudeste;09/12/2019;Grelha de concreto ? TCC 01 ? areia e brita comerciais. ;1;unid.;R$ 335"
"50607.000942/2019-55;4631779;AT n. 51/2019;2019;BR-101;RJ;Sudeste;09/12/2019;Tela metAlica de dupla torcao integrada a uma geomanta tridimensional tipo MacMat-R ou similar"
"50607.000942/2019-55;4631779;AT n. 51/2019;2019;BR-101;RJ;Sudeste;09/12/2019;Sub-base de bica corrida. ;47"
"50617.000684/2015-64;4674991;AT n. 71/2019;2019;BR-262;ES;Sudeste;20/12/2019;Destinacao de demolicao em Area urbana.;18"
"50607.001171/2019-13;4714221;AT n. 53/2019;2019;BR-101;RJ;Sudeste;20/12/2019;Aquisicao"
"50607.001171/2019-13;4714221;AT n. 53/2019;2019;BR-101;RJ;Sudeste;20/12/2019;Taxa para recebimento de residuos solidos em bota fora comercial. ;6.541"
"50607.001171/2019-13;4714221;AT n. 53/2019;2019;BR-101;RJ;Sudeste;20/12/2019;Fornecimento e colocacao de barreira de siltagem. ;100;m;R$ 12"
"50607.001171/2019-13;4714221;AT n. 53/2019;2019;BR-101;RJ;Sudeste;20/12/2019;Pavimento de concreto com equipamento de pequeno porte"
"50607.001171/2019-13;4714221;AT n. 53/2019;2019;BR-101;RJ;Sudeste;20/12/2019;Barra de transferencia ? 32 mm ? aco CA-25 ? fornecimento"
"50607.001171/2019-13;4714221;AT n. 53/2019;2019;BR-101;RJ;Sudeste;20/12/2019;Fornecimento e implantacao de placa de regulamentacao em aco D= 0"
"50607.001171/2019-13;4714221;AT n. 53/2019;2019;BR-101;RJ;Sudeste;20/12/2019;Fornecimento e implantacao de suporte metAlico galvanizado para placa de regulamentacao ? D= 0"
"50607.001171/2019-13;4714221;AT n. 53/2019;2019;BR-101;RJ;Sudeste;20/12/2019;Guarda corpo metAlico. ;1.884"
"50607.001888/2018-84;4633994;AT n. 42/2018;2018;BR-101;RJ;Sudeste;10/12/2019;Guarda corpo metAlico"
"50607.001888/2018-84;4633994;AT n. 42/2018;2018;BR-101;RJ;Sudeste;10/12/2019;Remocao e realocacao de poste com comprimento igual ou menor que 12 m (com reaproveitamento do poste). ;11;und;R$ 1.090"
"50607.001888/2018-84;4633994;AT n. 42/2018;2018;BR-101;RJ;Sudeste;10/12/2019;Fornecimento e colocacao de barreira de siltagem. ;632;m;R$ 12"
"50607.001888/2018-84;4633994;AT n. 42/2018;2018;BR-101;RJ;Sudeste;10/12/2019;Aquisicao"
"50607.001888/2018-84;4633994;AT n. 42/2018;2018;BR-101;RJ;Sudeste;10/12/2019;Taxa para recebimento de residuos solidos em bota fora comercial. ;5.767"
"50607.001888/2018-84;4633994;AT n. 42/2018;2018;BR-101;RJ;Sudeste;10/12/2019;Barra de transferencia ? 32 mm ? aco CA-25 ? fornecimento"
"50607.001888/2018-84;4633994;AT n. 42/2018;2018;BR-101;RJ;Sudeste;10/12/2019;Fornecimento e implantacao de placa de regulamentacao em aco D=0"
"50607.001888/2018-84;4633994;AT n. 42/2018;2018;BR-101;RJ;Sudeste;10/12/2019;Fornecimento e implantacao de suporte metAlico galvanizado para placa de regulamentacao;10;und;R$ 220"
"50607.001702/2018-97;4645090;AT n. 38/2019;2019;BR-101;RJ;Sudeste;11/12/2019;Guarda corpo metAlico"
"50607.001702/2018-97;4645090;AT n. 38/2019;2019;BR-101;RJ;Sudeste;11/12/2019;Remocao e realocacao de poste com comprimento igual ou menor que 12 m (com reaproveitamento do poste). ;5;und;R$ 1.185"
"50607.001702/2018-97;4645090;AT n. 38/2019;2019;BR-101;RJ;Sudeste;11/12/2019;Fornecimento e colocacao de barreira de siltagem. ;434;m;R$ 13"
"50607.001702/2018-97;4645090;AT n. 38/2019;2019;BR-101;RJ;Sudeste;11/12/2019;Aquisicao"
"50607.001702/2018-97;4645090;AT n. 38/2019;2019;BR-101;RJ;Sudeste;11/12/2019;Taxa para recebimento de residuos solidos em bota fora comercial. ;3.827"
"50607.001702/2018-97;4645090;AT n. 38/2019;2019;BR-101;RJ;Sudeste;11/12/2019;Barra de transferencia ? 32 mm ? aco CA-25 ? fornecimento"
"50607.001702/2018-97;4645090;AT n. 38/2019;2019;BR-101;RJ;Sudeste;11/12/2019;Fornecimento e implantacao de placa de regulamentacao em aco D-0"
"50607.001702/2018-97;4645090;AT n. 38/2019;2019;BR-101;RJ;Sudeste;11/12/2019;Fornecimento e implantacao de suporte metAlico galvanizado para placa de regulmanentacao - D=0"
"50009.001477/2019-19;4795386;AT n. 01/2020;2020;BR-210;RR;Norte;09/01/2020;Recomposicao de revestimento primArio. ;55.860"
"50613.001966/2019-42;4823513;AT n. 60/2019;2019;BR-230;PB;Nordeste;14/01/2020;Subestacao aerea de 30 kVA"
"50613.001966/2019-42;4823513;AT n. 60/2019;2019;BR-230;PB;Nordeste;14/01/2020;Subestacao aerea de 45 kVA"
"50613.001966/2019-42;4823513;AT n. 60/2019;2019;BR-230;PB;Nordeste;14/01/2020;Remanejamento de subestacao aerea de 30 kVA"
"50613.001966/2019-42;4823513;AT n. 60/2019;2019;BR-230;PB;Nordeste;14/01/2020;Poste concreto secao circular resistividade c?nica"
"50613.001966/2019-42;4823513;AT n. 60/2019;2019;BR-230;PB;Nordeste;14/01/2020;Poste concreto secao circular resistividade c?nica"
"50613.001966/2019-42;4823513;AT n. 60/2019;2019;BR-230;PB;Nordeste;14/01/2020;Base de concreto simples FCK de 15 Mpa"
"50613.001966/2019-42;4823513;AT n. 60/2019;2019;BR-230;PB;Nordeste;14/01/2020;Braco triplo 2"
"50613.001966/2019-42;4823513;AT n. 60/2019;2019;BR-230;PB;Nordeste;14/01/2020;Braco duplo 2"
"50613.001966/2019-42;4823513;AT n. 60/2019;2019;BR-230;PB;Nordeste;14/01/2020;Estrutura final de rede de iluminacao p?blica"
"50613.001966/2019-42;4823513;AT n. 60/2019;2019;BR-230;PB;Nordeste;14/01/2020;Estrutura intermediAria passante"
"50613.001966/2019-42;4823513;AT n. 60/2019;2019;BR-230;PB;Nordeste;14/01/2020;Estrutura de ancoragem dupla para iluminacao p?blica"
"50613.001966/2019-42;4823513;AT n. 60/2019;2019;BR-230;PB;Nordeste;14/01/2020;Estrutura intermediAria passante"
"50613.001966/2019-42;4823513;AT n. 60/2019;2019;BR-230;PB;Nordeste;14/01/2020;Estrutura passante"
"50613.001966/2019-42;4823513;AT n. 60/2019;2019;BR-230;PB;Nordeste;14/01/2020;Cabo multiplexado para rede de distribuicao de 3 x 35 + 1 x 35 mm2.;51.000"
"50613.001966/2019-42;4823513;AT n. 60/2019;2019;BR-230;PB;Nordeste;14/01/2020;Projetor de LED 142 W"
"50613.001966/2019-42;4823513;AT n. 60/2019;2019;BR-230;PB;Nordeste;14/01/2020;Abracadeira em PVC tipo D de 2?.;500;unid.;R$ 9"
"50613.001966/2019-42;4823513;AT n. 60/2019;2019;BR-230;PB;Nordeste;14/01/2020;Cabo de aluminio"
"50613.001966/2019-42;4823513;AT n. 60/2019;2019;BR-230;PB;Nordeste;14/01/2020;Retirada e instalacao de poste secao circular"
"50613.001966/2019-42;4823513;AT n. 60/2019;2019;BR-230;PB;Nordeste;14/01/2020;Retirada e instalacao de poste metAlico curvo simples"
"50613.001966/2019-42;4823513;AT n. 60/2019;2019;BR-230;PB;Nordeste;14/01/2020;Retirada de poste de iluminacao p?blica"
"50613.001966/2019-42;4823513;AT n. 60/2019;2019;BR-230;PB;Nordeste;14/01/2020;Retirada de luminAria e suportes de fixacao em poste de h= 15"
"50614.000892/2016-74;4830700;AT n. 39/2019;2019;BR-304;RN;Nordeste;15/01/2020;Execucao de escoramento com trelica metAlica para passarelas. ;2.341"
"50600.016227/2019-02;3491978;AT n. 30/2020;2020;Barcelos;AM;Norte;04/02/2020;Defensa de pneu"
"50600.016227/2019-02;3491978;AT n. 30/2020;2020;Barcelos;AM;Norte;04/02/2020;Anodo de sacrificio de zinco"
"50600.016227/2019-02;3491978;AT n. 30/2020;2020;Barcelos;AM;Norte;04/02/2020;Tratamento superficial e pintura das seguintes obras mortas de flutuantes: conves superior"
"50600.016227/2019-02;3491978;AT n. 30/2020;2020;Barcelos;AM;Norte;04/02/2020;Montagem do Sistema Naval ? Tipo II;1;-;R$ 1.137.284"
"50600.016227/2019-02;3491978;AT n. 30/2020;2020;Barcelos;AM;Norte;04/02/2020;Instalacoes de correntes de seguranca nas pontes;10;unid.;R$ 45.742"
"50600.016227/2019-02;3491978;AT n. 30/2020;2020;Barcelos;AM;Norte;04/02/2020;Fornecimento e instalacao de molinete compativel com amarra de ? 38 mm;5;unid.;R$ 144.985"
"50600.016227/2019-02;3491978;AT n. 30/2020;2020;Barcelos;AM;Norte;04/02/2020;Cancela manual com base em concreto;1;unid.;R$ 1.598"
"50600.016227/2019-02;3491978;AT n. 30/2020;2020;Barcelos;AM;Norte;04/02/2020;Confeccao de poita de concreto de 46 t (peso submerso = 27"
"50600.016227/2019-02;3491978;AT n. 30/2020;2020;Barcelos;AM;Norte;04/02/2020;Lancamento de poita de concreto de 46 t (peso submerso = 27"
"50610.000004/2019-04(Lote01);4977951;AT n. 10-2019;2019;BR-116;RS;Sul;07/02/2020;Destinacao final de residuos da Construcao Civil ? RCC.;384"
"50610.000004/2019-04(Lote01);4977951;AT n. 10-2019;2019;BR-116;RS;Sul;07/02/2020;Destinacao final de remocao de revestimento betuminoso. ;80"
"50610.000004/2019-04(Lote01);4977951;AT n. 10-2019;2019;BR-116;RS;Sul;07/02/2020;Tubo PEAD corrugado"
"50610.000004/2019-04(Lote01);4977951;AT n. 10-2019;2019;BR-116;RS;Sul;07/02/2020;Tubo PVC DN= 150 mm"
"50610.000004/2019-04(Lote01);4977951;AT n. 10-2019;2019;BR-116;RS;Sul;07/02/2020;Solo comercial para aterro.;705"
"50610.000004/2019-04(Lote01);4977951;AT n. 10-2019;2019;BR-116;RS;Sul;07/02/2020;Impregnacao com inibidor de corrosao ? 3 demaos. ;1.193"
"50610.000004/2019-04(Lote01);4977951;AT n. 10-2019;2019;BR-116;RS;Sul;07/02/2020;Repovoamento vegetal ? plantio de vetiver. ;0;unid.; R$ -   ;Maio;2018; R$-   ;0;unid.;R$ 5"
"50610.000004/2019-04(Lote01);4977951;AT n. 10-2019;2019;BR-116;RS;Sul;07/02/2020;Solo reforcado com malha hexagonal de dupla torcao ? H= 1"
"50610.000004/2019-04(Lote01);4977951;AT n. 10-2019;2019;BR-116;RS;Sul;07/02/2020;Solo reforcado com malha hexagonal de dupla torcao ? H= 1"
"50610.000004/2019-04(Lote01);4977951;AT n. 10-2019;2019;BR-116;RS;Sul;07/02/2020;Muro de solo reforcado com malha hexagonal de dupla torcao ? H= 0"
"50610.000004/2019-04(Lote01);4977951;AT n. 10-2019;2019;BR-116;RS;Sul;07/02/2020;Muro de solo reforcado com malha hexagonal de dupla torcao ? H= 0"
"50610.000004/2019-04(Lote01);4977951;AT n. 10-2019;2019;BR-116;RS;Sul;07/02/2020;Chumbador de monobarra 35 mm"
"50610.000004/2019-04(Lote01);4977951;AT n. 10-2019;2019;BR-116;RS;Sul;07/02/2020;Ancoragem de chumbador de monobarra 35 mm"
"50610.000004/2019-04(Lote01);4977951;AT n. 10-2019;2019;BR-116;RS;Sul;07/02/2020;Chumbador de monobarra 23 mm"
"50610.000004/2019-04(Lote01);4977951;AT n. 10-2019;2019;BR-116;RS;Sul;07/02/2020;Ancoragem de chumbador de monobarra 23 mm"
"50610.000004/2019-04(Lote01);4977951;AT n. 10-2019;2019;BR-116;RS;Sul;07/02/2020;Chumbador de monobarra 35 mm"
"50610.000004/2019-04(Lote01);4977951;AT n. 10-2019;2019;BR-116;RS;Sul;07/02/2020;Ancoragem de chumbador de monobarra 35 mm"
"50610.000004/2019-04(Lote01);4977951;AT n. 10-2019;2019;BR-116;RS;Sul;07/02/2020;Chumbador de monobarra 60 mm"
"50610.000004/2019-04(Lote01);4977951;AT n. 10-2019;2019;BR-116;RS;Sul;07/02/2020;Ancoragem de chumbador de monobarra ? 60 mm"
"50610.000004/2019-04(Lote01);4977951;AT n. 10-2019;2019;BR-116;RS;Sul;07/02/2020;Perfuracao sobre andaimes em material de 3? categoria com diametro ate 120 mm. ;0;m; R$ -   ;Maio;2018; R$-   ;0;m;R$ 119"
"50610.000004/2019-04(Lote01);4977951;AT n. 10-2019;2019;BR-116;RS;Sul;07/02/2020;Perfuracao sobre andaimes em material de 2? categoria com diametro ate 120 mm.;0;m; R$ -   ;Maio;2018; R$-   ;0;m;R$ 75"
"50610.000004/2019-04(Lote01);4977951;AT n. 10-2019;2019;BR-116;RS;Sul;07/02/2020;Locacao de andaime metAlico tubular com plataforma tipo 1"
"50610.000004/2019-04(Lote01);4977951;AT n. 10-2019;2019;BR-116;RS;Sul;07/02/2020;Fornecimento e instalacao de terminal absorvedor de energia (V < 80 km/h) com L= 3"
"50610.000004/2019-04(Lote01);4977951;AT n. 10-2019;2019;BR-116;RS;Sul;07/02/2020;Limpeza de talude rochoso ? bate ? choco e remocao de vegetacao ? com rapelista. ;0;m?; R$ -   ;Maio;2018; R$-   ;0;m?;R$ 4"
"50610.000004/2019-04(Lote01);4977951;AT n. 10-2019;2019;BR-116;RS;Sul;07/02/2020;Limpeza de talude de solo com blocos e remocao de vegetacao ? com rapelista. ;0;m?; R$ -   ;Maio;2018; R$-   ;0;m?;R$ 2"
"50610.000004/2019-04(Lote01);4977951;AT n. 10-2019;2019;BR-116;RS;Sul;07/02/2020;Regularizacao de talude em material de 2? categoria ? com rapelista.;0;m?; R$ -   ;Maio;2018; R$-   ;0;m?;R$ 35"
"50610.000004/2019-04(Lote01);4977951;AT n. 10-2019;2019;BR-116;RS;Sul;07/02/2020;Remocao de tela metAlica existente em talude rochoso ? com rapelista. ;0;m?; R$ -   ;Maio;2018; R$-   ;0;m?;R$ 13"
"50610.000004/2019-04(Lote01);4977951;AT n. 10-2019;2019;BR-116;RS;Sul;07/02/2020;Escavacao manual controlada em material de 3? categoria com martelete. ;0;m?; R$ -   ;Maio;2018; R$-   ;0;m?;R$ 854"
"50610.000004/2019-04(Lote01);4977951;AT n. 10-2019;2019;BR-116;RS;Sul;07/02/2020;Remocao de gabiao caixa 2 x 1 x 1"
"50610.000004/2019-04(Lote01);4977951;AT n. 10-2019;2019;BR-116;RS;Sul;07/02/2020;Dreno sub-horizontal ? DSH 01 ? material de 3? categoria. ;0;m; R$ -   ;Maio;2018; R$-   ;0;m;R$ 136"
"50610.000004/2019-04(Lote01);4977951;AT n. 10-2019;2019;BR-116;RS;Sul;07/02/2020;Dreno sub-horizontal ? DSH 01 ? exceto perfuracao. ;0;m; R$ -   ;Maio;2018; R$-   ;0;m;R$ 79"
"50610.000004/2019-04(Lote01);4977951;AT n. 10-2019;2019;BR-116;RS;Sul;07/02/2020;Transplante de especimes imunes ao corte. ;0;; R$ -   ;Maio;2018; R$-   ;0;unid.;R$ 2.052"
"50610.000004/2019-04(Lote01);4977951;AT n. 10-2019;2019;BR-116;RS;Sul;07/02/2020;Escavacao"
"50610.000004/2019-04(Lote01);4977951;AT n. 10-2019;2019;BR-116;RS;Sul;07/02/2020;Fornecimento e instalacao de barreira de concreto pre-moldada tipo H4bW3 com reaproveitamento de 10 vezes.;370"
"50610.000004/2019-04(Lote01);4977951;AT n. 10-2019;2019;BR-116;RS;Sul;07/02/2020;Gabiao caixa 2 x 1 x 1"
"50610.000004/2019-04(Lote01);4977951;AT n. 10-2019;2019;BR-116;RS;Sul;07/02/2020;Limpeza e desobstrucao de dreno DSH. ;29;unid.;R$ 17"
"50610.000004/2019-04(Lote01);4977951;AT n. 10-2019;2019;BR-116;RS;Sul;07/02/2020;Tubo PEAD com paredes estruturadas para drenagem ? D= 800 mm ? assentado sobre lastro de brita comercial.;0;m; R$ -   ;Maio;2018; R$-   ;0;m;R$ 722"
"50610.000004/2019-04(Lote01);4977951;AT n. 10-2019;2019;BR-116;RS;Sul;07/02/2020;Tubo PEAD com paredes estruturadas para drenagem ? D= 1.000 mm ? assentado sobre lastro de brita comercial.;0;m; R$ -   ;Maio;2018; R$-   ;0;m;R$ 1.071"
"50610.000004/2019-04(Lote01);4977951;AT n. 10-2019;2019;BR-116;RS;Sul;07/02/2020;Concreto comercial fck = 25 Mpa para projecao via seca com fibra de aco. ;0;m?; R$ -   ;Maio;2018; R$-   ;0;m?;R$ 784"
"50610.000004/2019-04(Lote01);4977951;AT n. 10-2019;2019;BR-116;RS;Sul;07/02/2020;Defensa metAlica simples de nivel de contencao H1 e largura de trabalho W4 ? fornecimento e instalacao. ;0;m; R$ -   ;Maio;2018; R$-   ;0;m;R$ 190"
"50610.000004/2019-04(Lote01);4977951;AT n. 10-2019;2019;BR-116;RS;Sul;07/02/2020;Limpeza manual do terreno com rapelista - capina"
"50610.000004/2019-04(Lote01);4977951;AT n. 10-2019;2019;BR-116;RS;Sul;07/02/2020;Estaca raiz com revestimento perfurada em solo com blocos com DN = 45 cm e diametro efetivo minimo de 40 cm. ;0;m; R$ -   ;Maio;2018; R$-   ;0;m;R$ 540"
"50610.000004/2019-04(Lote01);4977951;AT n. 10-2019;2019;BR-116;RS;Sul;07/02/2020;Estaca raiz perfurada em rocha com DN = 45 cm e diametro minimo de 33 cm.  ;0;m; R$ -   ;Maio;2018; R$-   ;0;m;R$ 1.345"
"50610.000004/2019-04(Lote01);4977951;AT n. 10-2019;2019;BR-116;RS;Sul;07/02/2020;Enrocamento de pedra jogada ? pedra detonada comercial ? fornecimento e assentamento com guindaste;0;m?; R$ -   ;Maio;2018; R$-   ;0;m?;R$ 180"
"50610.000004/2019-04(Lote01);4977951;AT n. 10-2019;2019;BR-116;RS;Sul;07/02/2020;Concreto projetado Fck = 25 Mpa via seca aplicado em superficies inclinadas de 60? a 90? com adicao de fibras de aco ? concreto comercial. ;0;m?; R$ -   ;Maio;2018; R$-   ;0;m?;R$ 1.187"
"50610.000004/2019-04(Lote01);4977951;AT n. 10-2019;2019;BR-116;RS;Sul;07/02/2020;Concreto projetado Fck = 25 Mpa via seca aplicado em piso"
"50610.000004/2019-04(Lote01);4977951;AT n. 10-2019;2019;BR-116;RS;Sul;07/02/2020;Concreto projetado Fck = 25 Mpa via seca aplicado em superficies inclinadas ate 60? - concreto comercial. ;0;m?; R$ -   ;Maio;2018; R$-   ;0;m?;R$ 856"
"50610.000004/2019-04(Lote01);4977951;AT n. 10-2019;2019;BR-116;RS;Sul;07/02/2020;Concreto projetado Fck = 25 Mpa via seca aplicado em superficies inclinadas de 60? a 90? - concreto comercial. ;0;m?; R$ -   ;Maio;2018; R$-   ;0;m?;R$ 959"
"50610.000004/2019-04(Lote01);4977951;AT n. 10-2019;2019;BR-116;RS;Sul;07/02/2020;Concreto comercial Fck = 25 Mpa para projecao via seca. ;0;m?; R$ -   ;Maio;2018; R$-   ;0;m?;R$ 608"
"50610.000004/2019-04(Lote01);4977951;AT n. 10-2019;2019;BR-116;RS;Sul;07/02/2020;Remocao de barreira de concreto pre-moldada tipo H4BW3.;370"
"50610.000004/2019-04(Lote01);4977951;AT n. 10-2019;2019;BR-116;RS;Sul;07/02/2020;Fornecimento e instalacao de barreira de siltagem.;0;m; R$ -   ;Maio;2018; R$-   ;0;m;R$ 13"
"50610.000004/2019-04(Lote01);4977951;AT n. 10-2019;2019;BR-116;RS;Sul;07/02/2020;Remocao de barreira de siltagem.;0;m; R$ -   ;Maio;2018; R$-   ;0;m;R$ 2"
"50610.000004/2019-04(Lote01);4977951;AT n. 10-2019;2019;BR-116;RS;Sul;07/02/2020;Gabiao saco ? diametro = 0"
"50610.000004/2019-04(Lote02);4977951;AT n. 10-2019;2019;BR-116;RS;Sul;07/02/2020;Destinacao final de residuos da Construcao Civil ? RCC.;384"
"50610.000004/2019-04(Lote02);4977951;AT n. 10-2019;2019;BR-116;RS;Sul;07/02/2020;Destinacao final de remocao de revestimento betuminoso. ;80"
"50610.000004/2019-04(Lote02);4977951;AT n. 10-2019;2019;BR-116;RS;Sul;07/02/2020;Tubo PEAD corrugado"
"50610.000004/2019-04(Lote02);4977951;AT n. 10-2019;2019;BR-116;RS;Sul;07/02/2020;Tubo PVC DN= 150 mm"
"50610.000004/2019-04(Lote02);4977951;AT n. 10-2019;2019;BR-116;RS;Sul;07/02/2020;Solo comercial para aterro.;705"
"50610.000004/2019-04(Lote02);4977951;AT n. 10-2019;2019;BR-116;RS;Sul;07/02/2020;Impregnacao com inibidor de corrosao ? 3 demaos. ;1.193"
"50610.000004/2019-04(Lote02);4977951;AT n. 10-2019;2019;BR-116;RS;Sul;07/02/2020;Repovoamento vegetal ? plantio de vetiver. ;0;unid.; R$ -   ;Maio;2018; R$-   ;0;unid.;R$ 5"
"50610.000004/2019-04(Lote02);4977951;AT n. 10-2019;2019;BR-116;RS;Sul;07/02/2020;Solo reforcado com malha hexagonal de dupla torcao ? H= 1"
"50610.000004/2019-04(Lote02);4977951;AT n. 10-2019;2019;BR-116;RS;Sul;07/02/2020;Solo reforcado com malha hexagonal de dupla torcao ? H= 1"
"50610.000004/2019-04(Lote02);4977951;AT n. 10-2019;2019;BR-116;RS;Sul;07/02/2020;Muro de solo reforcado com malha hexagonal de dupla torcao ? H= 0"
"50610.000004/2019-04(Lote02);4977951;AT n. 10-2019;2019;BR-116;RS;Sul;07/02/2020;Muro de solo reforcado com malha hexagonal de dupla torcao ? H= 0"
"50610.000004/2019-04(Lote02);4977951;AT n. 10-2019;2019;BR-116;RS;Sul;07/02/2020;Chumbador de monobarra ? ? 35 mm"
"50610.000004/2019-04(Lote02);4977951;AT n. 10-2019;2019;BR-116;RS;Sul;07/02/2020;Ancoragem de chumbador de monobarra ? ? 35 mm"
"50610.000004/2019-04(Lote02);4977951;AT n. 10-2019;2019;BR-116;RS;Sul;07/02/2020;Chumbador de monobarra ? ? 23 mm"
"50610.000004/2019-04(Lote02);4977951;AT n. 10-2019;2019;BR-116;RS;Sul;07/02/2020;Ancoragem de chumbador de monobarra ? ? 23 mm"
"50610.000004/2019-04(Lote02);4977951;AT n. 10-2019;2019;BR-116;RS;Sul;07/02/2020;Chumbador de monobarra ? ? 35 mm"
"50610.000004/2019-04(Lote02);4977951;AT n. 10-2019;2019;BR-116;RS;Sul;07/02/2020;Ancoragem de chumbador de monobarra ? ? 35 mm"
"50610.000004/2019-04(Lote02);4977951;AT n. 10-2019;2019;BR-116;RS;Sul;07/02/2020;Chumbador de monobarra ? ? 60 mm"
"50610.000004/2019-04(Lote02);4977951;AT n. 10-2019;2019;BR-116;RS;Sul;07/02/2020;Ancoragem de chumbador de monobarra ? ? 60 mm"
"50610.000004/2019-04(Lote02);4977951;AT n. 10-2019;2019;BR-116;RS;Sul;07/02/2020;Perfuracao sobre andaimes em material de 3? categoria com diametro ate 120 mm. ;0;m; R$ -   ;Maio;2018; R$-   ;0;m;R$ 119"
"50610.000004/2019-04(Lote02);4977951;AT n. 10-2019;2019;BR-116;RS;Sul;07/02/2020;Perfuracao sobre andaimes em material de 2? categoria com diametro ate 120 mm.;0;m; R$ -   ;Maio;2018; R$-   ;0;m;R$ 75"
"50610.000004/2019-04(Lote02);4977951;AT n. 10-2019;2019;BR-116;RS;Sul;07/02/2020;Locacao de andaime metAlico tubular com plataforma tipo 1"
"50610.000004/2019-04(Lote02);4977951;AT n. 10-2019;2019;BR-116;RS;Sul;07/02/2020;Fornecimento e instalacao de terminal absorvedor de energia (V < 80 km/h) com L= 3"
"50610.000004/2019-04(Lote02);4977951;AT n. 10-2019;2019;BR-116;RS;Sul;07/02/2020;Limpeza de talude rochoso ? bate ? choco e remocao de vegetacao ? com rapelista. ;0;m?; R$ -   ;Maio;2018; R$-   ;0;m?;R$ 4"
"50610.000004/2019-04(Lote02);4977951;AT n. 10-2019;2019;BR-116;RS;Sul;07/02/2020;Limpeza de talude de solo com blocos e remocao de vegetacao ? com rapelista. ;0;m?; R$ -   ;Maio;2018; R$-   ;0;m?;R$ 2"
"50610.000004/2019-04(Lote02);4977951;AT n. 10-2019;2019;BR-116;RS;Sul;07/02/2020;Regularizacao de talude em material de 2? categoria ? com rapelista.;0;m?; R$ -   ;Maio;2018; R$-   ;0;m?;R$ 35"
"50610.000004/2019-04(Lote02);4977951;AT n. 10-2019;2019;BR-116;RS;Sul;07/02/2020;Remocao de tela metAlica existente em talude rochoso ? com rapelista. ;0;m?; R$ -   ;Maio;2018; R$-   ;0;m?;R$ 13"
"50610.000004/2019-04(Lote02);4977951;AT n. 10-2019;2019;BR-116;RS;Sul;07/02/2020;Escavacao manual controlada em material de 3? categoria com martelete. ;0;m?; R$ -   ;Maio;2018; R$-   ;0;m?;R$ 854"
"50610.000004/2019-04(Lote02);4977951;AT n. 10-2019;2019;BR-116;RS;Sul;07/02/2020;Remocao de gabiao caixa 2 x 1 x 1"
"50610.000004/2019-04(Lote02);4977951;AT n. 10-2019;2019;BR-116;RS;Sul;07/02/2020;Dreno sub-horizontal ? DSH 01 ? material de 3? categoria. ;0;m; R$ -   ;Maio;2018; R$-   ;0;m;R$ 136"
"50610.000004/2019-04(Lote02);4977951;AT n. 10-2019;2019;BR-116;RS;Sul;07/02/2020;Dreno sub-horizontal ? DSH 01 ? exceto perfuracao. ;0;m; R$ -   ;Maio;2018; R$-   ;0;m;R$ 79"
"50610.000004/2019-04(Lote02);4977951;AT n. 10-2019;2019;BR-116;RS;Sul;07/02/2020;Transplante de especimes imunes ao corte. ;0;; R$ -   ;Maio;2018; R$-   ;0;unid.;R$ 2.052"
"50610.000004/2019-04(Lote02);4977951;AT n. 10-2019;2019;BR-116;RS;Sul;07/02/2020;Escavacao"
"50610.000004/2019-04(Lote02);4977951;AT n. 10-2019;2019;BR-116;RS;Sul;07/02/2020;Fornecimento e instalacao de barreira de concreto pre-moldada tipo H4bW3 com reaproveitamento de 10 vezes.;370"
"50610.000004/2019-04(Lote02);4977951;AT n. 10-2019;2019;BR-116;RS;Sul;07/02/2020;Gabiao caixa 2 x 1 x 1"
"50610.000004/2019-04(Lote02);4977951;AT n. 10-2019;2019;BR-116;RS;Sul;07/02/2020;Limpeza e desobstrucao de dreno DSH. ;29;unid.;R$ 17"
"50610.000004/2019-04(Lote02);4977951;AT n. 10-2019;2019;BR-116;RS;Sul;07/02/2020;Tubo PEAD com paredes estruturadas para drenagem ? D= 800 mm ? assentado sobre lastro de brita comercial.;0;m; R$ -   ;Maio;2018; R$-   ;0;m;R$ 722"
"50610.000004/2019-04(Lote02);4977951;AT n. 10-2019;2019;BR-116;RS;Sul;07/02/2020;Tubo PEAD com paredes estruturadas para drenagem ? D= 1.000 mm ? assentado sobre lastro de brita comercial.;0;m; R$ -   ;Maio;2018; R$-   ;0;m;R$ 1.071"
"50610.000004/2019-04(Lote02);4977951;AT n. 10-2019;2019;BR-116;RS;Sul;07/02/2020;Concreto comercial fck = 25 Mpa para projecao via seca com fibra de aco. ;0;m?; R$ -   ;Maio;2018; R$-   ;0;m?;R$ 784"
"50610.000004/2019-04(Lote02);4977951;AT n. 10-2019;2019;BR-116;RS;Sul;07/02/2020;Defensa metAlica simples de nivel de contencao H1 e largura de trabalho W4 ? fornecimento e instalacao. ;0;m; R$ -   ;Maio;2018; R$-   ;0;m;R$ 190"
"50610.000004/2019-04(Lote02);4977951;AT n. 10-2019;2019;BR-116;RS;Sul;07/02/2020;Limpeza manual do terreno com rapelista - capina"
"50610.000004/2019-04(Lote02);4977951;AT n. 10-2019;2019;BR-116;RS;Sul;07/02/2020;Estaca raiz com revestimento perfurada em solo com blocos com DN = 45 cm e diametro efetivo minimo de 40 cm. ;0;m; R$ -   ;Maio;2018; R$-   ;0;m;R$ 540"
"50610.000004/2019-04(Lote02);4977951;AT n. 10-2019;2019;BR-116;RS;Sul;07/02/2020;Estaca raiz perfurada em rocha com DN = 45 cm e diametro minimo de 33 cm.  ;0;m; R$ -   ;Maio;2018; R$-   ;0;m;R$ 1.345"
"50610.000004/2019-04(Lote02);4977951;AT n. 10-2019;2019;BR-116;RS;Sul;07/02/2020;Enrocamento de pedra jogada ? pedra detonada comercial ? fornecimento e assentamento com guindaste;0;m?; R$ -   ;Maio;2018; R$-   ;0;m?;R$ 180"
"50610.000004/2019-04(Lote02);4977951;AT n. 10-2019;2019;BR-116;RS;Sul;07/02/2020;Concreto projetado Fck = 25 Mpa via seca aplicado em superficies inclinadas de 60? a 90? com adicao de fibras de aco ? concreto comercial. ;0;m?; R$ -   ;Maio;2018; R$-   ;0;m?;R$ 1.187"
"50610.000004/2019-04(Lote02);4977951;AT n. 10-2019;2019;BR-116;RS;Sul;07/02/2020;Concreto projetado Fck = 25 Mpa via seca aplicado em piso"
"50610.000004/2019-04(Lote02);4977951;AT n. 10-2019;2019;BR-116;RS;Sul;07/02/2020;Concreto projetado Fck = 25 Mpa via seca aplicado em superficies inclinadas ate 60? - concreto comercial. ;0;m?; R$ -   ;Maio;2018; R$-   ;0;m?;R$ 856"
"50610.000004/2019-04(Lote02);4977951;AT n. 10-2019;2019;BR-116;RS;Sul;07/02/2020;Concreto projetado Fck = 25 Mpa via seca aplicado em superficies inclinadas de 60? a 90? - concreto comercial. ;0;m?; R$ -   ;Maio;2018; R$-   ;0;m?;R$ 959"
"50610.000004/2019-04(Lote02);4977951;AT n. 10-2019;2019;BR-116;RS;Sul;07/02/2020;Concreto comercial Fck = 25 Mpa para projecao via seca. ;0;m?; R$ -   ;Maio;2018; R$-   ;0;m?;R$ 608"
"50610.000004/2019-04(Lote02);4977951;AT n. 10-2019;2019;BR-116;RS;Sul;07/02/2020;Remocao de barreira de concreto pre-moldada tipo H4BW3.;370"
"50610.000004/2019-04(Lote02);4977951;AT n. 10-2019;2019;BR-116;RS;Sul;07/02/2020;Fornecimento e instalacao de barreira de siltagem.;0;m; R$ -   ;Maio;2018; R$-   ;0;m;R$ 13"
"50610.000004/2019-04(Lote02);4977951;AT n. 10-2019;2019;BR-116;RS;Sul;07/02/2020;Remocao de barreira de siltagem.;0;m; R$ -   ;Maio;2018; R$-   ;0;m;R$ 2"
"50610.000004/2019-04(Lote02);4977951;AT n. 10-2019;2019;BR-116;RS;Sul;07/02/2020;Gabiao saco ? diametro = 0"
"50609.002951/2019-61;5497838;AT n. 05/2020;2020;BR-030;BA;Nordeste;24/04/2020;Escavacao"
"50609.002951/2019-61;5497838;AT n. 05/2020;2020;BR-030;BA;Nordeste;24/04/2020;Escavacao"
"50609.002951/2019-61;5497838;AT n. 05/2020;2020;BR-030;BA;Nordeste;24/04/2020;Escavacao"
"50609.002951/2019-61;5497838;AT n. 05/2020;2020;BR-030;BA;Nordeste;24/04/2020;Escavacao"
"50609.002951/2019-61;5497838;AT n. 05/2020;2020;BR-030;BA;Nordeste;24/04/2020;Sub-base estabilizada granulometricamente com mistura solo areia (60% - 40%) em usina com material de jazida e areia extraida.?;87.377"
"50609.002951/2019-61;5497838;AT n. 05/2020;2020;BR-030;BA;Nordeste;24/04/2020;Envelopamento de tubos de concreto BSTC D= 1"
"50609.002951/2019-61;5497838;AT n. 05/2020;2020;BR-030;BA;Nordeste;24/04/2020;Sarjeta trapezoidal de concreto ? areia extraida e brita produzida. ;3.102"
"50609.002951/2019-61;5497838;AT n. 05/2020;2020;BR-030;BA;Nordeste;24/04/2020;Fornecimento e implantacao de placa de aco ? pelicula III + V.;440"
"50609.002951/2019-61;5497838;AT n. 05/2020;2020;BR-030;BA;Nordeste;24/04/2020;Terminal absorvedor de energia. ;40;und;R$ 9.880"
"50609.002951/2019-61;5497838;AT n. 05/2020;2020;BR-030;BA;Nordeste;24/04/2020;Encontro de defensa com OAE. ;20;und;R$ 6.468"
"50609.002951/2019-61;5497838;AT n. 05/2020;2020;BR-030;BA;Nordeste;24/04/2020;Placas de poliestireno expandido (EPS). ;83;m?;R$ 90"
"50609.002951/2019-61;5497838;AT n. 05/2020;2020;BR-030;BA;Nordeste;24/04/2020;LuminAria tipo petala fechada para iluminacao p?blica"
"50609.002951/2019-61;5497838;AT n. 05/2020;2020;BR-030;BA;Nordeste;24/04/2020;Escavacao"
"50609.002951/2019-61;5497838;AT n. 05/2020;2020;BR-030;BA;Nordeste;24/04/2020;Escavacao"
"50609.002951/2019-61;5497838;AT n. 05/2020;2020;BR-030;BA;Nordeste;24/04/2020;Geogrelha unidirecional com resistencia ? tracao de 1.000 Kn/m ? fornecimento e instalacao.;5.802"
"50609.002951/2019-61;5497838;AT n. 05/2020;2020;BR-030;BA;Nordeste;24/04/2020;Compactacao manual.;1.590"
"50609.002951/2019-61;5497838;AT n. 05/2020;2020;BR-030;BA;Nordeste;24/04/2020;Fornecimento e instalacao de abrigo de ?nibus em concreto armado pre-moldado padrao DNIT"
"50609.002951/2019-61;5497838;AT n. 05/2020;2020;BR-030;BA;Nordeste;24/04/2020;Guarda corpo de concreto.;590;m;R$ 299"
"50609.002951/2019-61;5497838;AT n. 05/2020;2020;BR-030;BA;Nordeste;24/04/2020;Fornecimento e aplicacao de geogrelha de poliester com revestimento betuminoso resistencia ? tracao (bidirecional): nominal: 50 Kn/m.;111;m?;R$ 18"
"50609.002951/2019-61;5497838;AT n. 05/2020;2020;BR-030;BA;Nordeste;24/04/2020;Usinagem de solo cimento com 10% de cimento com material de jazida em usina de 300 T/H.;942;m?;R$ 153"
"50609.002951/2019-61;5497838;AT n. 05/2020;2020;BR-030;BA;Nordeste;24/04/2020;Fornecimento e cravacao estacas metAlicas perfil HP 250 x 62"
"50609.002951/2019-61;5294953;AT n. 07/2020;2020;BR-376;PR;Sul;27/03/2020;Cabo de cobre flexivel PP 2 x 4 mm2 (750 V)"
"50609.002951/2019-61;5294953;AT n. 07/2020;2020;BR-376;PR;Sul;27/03/2020;Remanejamento de redes de Agua e esgoto. ;1;und;R$ 221.713"
"50609.002951/2019-61;5294953;AT n. 07/2020;2020;BR-376;PR;Sul;27/03/2020;Remanejamento de rede eletrica ? postes e cabos aereos. ;1;und;R$ 78.449"
"50609.002951/2019-61;5294953;AT n. 07/2020;2020;BR-376;PR;Sul;27/03/2020;Fornecimento e aplicacao de junta Jeene ? JJ 6080 VV EPDM ou similar com lAbios polimericos. ;215"
"50609.002951/2019-61;5294953;AT n. 07/2020;2020;BR-376;PR;Sul;27/03/2020;Ensaio de carregamento dinamico.;40;und;R$ 3.185"
"50609.002951/2019-61;5294953;AT n. 07/2020;2020;BR-376;PR;Sul;27/03/2020;Cabo de cobre flexivel PP 4 x 1"
"50609.002951/2019-61;5294953;AT n. 07/2020;2020;BR-376;PR;Sul;27/03/2020;Controlador semaforico 8 fases"
"50609.002951/2019-61;5294953;AT n. 07/2020;2020;BR-376;PR;Sul;27/03/2020;Grupo focal veicular gradativo (semAforo convencional com informacao auxiliar de tempo) ? para semAforos"
"50609.002951/2019-61;5294953;AT n. 07/2020;2020;BR-376;PR;Sul;27/03/2020;Braco especial projetado em tubo de aco dobrado (curva) com comprimento de 5 metros"
"50609.002951/2019-61;5294953;AT n. 07/2020;2020;BR-376;PR;Sul;27/03/2020;Coluna composta engastada para semAforo"
"50610.008465/2019-17?;5389977;AT n. 01/2020;2020;BR-285;RS;Sul;09/04/2020;Muro de gabiao com solo reforcado ? 0"
"50610.008465/2019-17?;5389977;AT n. 01/2020;2020;BR-285;RS;Sul;09/04/2020;Muro de gabiao com solo reforcado ? 1 x 1 x 4 m?.;1.315"
"50610.008465/2019-17?;5389977;AT n. 01/2020;2020;BR-285;RS;Sul;09/04/2020;Muro de gabiao com solo reforcado ? 0"
"50610.008465/2019-17?;5389977;AT n. 01/2020;2020;BR-285;RS;Sul;09/04/2020;Muro de gabiao com solo reforcado ? 1 x 1 x 5 m.;685;m?;R$ 1.727"
"50610.008465/2019-17?;5389977;AT n. 01/2020;2020;BR-285;RS;Sul;09/04/2020;Muro de gabiao com solo reforcado ? 0"
"50610.008465/2019-17?;5389977;AT n. 01/2020;2020;BR-285;RS;Sul;09/04/2020;Muro de gabiao com solo reforcado ? 1 x 1 x 6 m.;671;m?;R$ 1.829"
"50610.008465/2019-17?;5389977;AT n. 01/2020;2020;BR-285;RS;Sul;09/04/2020;Muro de gabiao com solo reforcado ? 0"
"50610.008465/2019-17?;5389977;AT n. 01/2020;2020;BR-285;RS;Sul;09/04/2020;Muro de gabiao com solo reforcado ? 1 x 1 x 7 m.;956;m?;R$ 1.928"
"50610.008465/2019-17?;5389977;AT n. 01/2020;2020;BR-285;RS;Sul;09/04/2020;Muro de gabiao com solo reforcado ? 0"
"50610.008465/2019-17?;5389977;AT n. 01/2020;2020;BR-285;RS;Sul;09/04/2020;Muro de gabiao com solo reforcado ? 1 x 1 x 8 m.;190;m?;R$ 2.043"
"50610.008465/2019-17?;5389977;AT n. 01/2020;2020;BR-285;RS;Sul;09/04/2020;Sub-base estabilizada granulometricamente com mistura fresado-po-de-pedra (70% - 30%) na pista com brita comercial. ;674"
"50610.008465/2019-17?;5389977;AT n. 01/2020;2020;BR-285;RS;Sul;09/04/2020;Barreira dupla de concreto"
"50610.008465/2019-17?;5389977;AT n. 01/2020;2020;BR-285;RS;Sul;09/04/2020;Defensa metAlica simples ? fornecimento e implantacao ? H2AW3. ;9.068"
"50610.008465/2019-17?;5389977;AT n. 01/2020;2020;BR-285;RS;Sul;09/04/2020;Pintura de cura para CCR. Pintura de ligacao.;4.300"
"50610.008465/2019-17?;5389977;AT n. 01/2020;2020;BR-285;RS;Sul;09/04/2020;Geomanta para solo grampeado ? fornecimento e instalacao. ;5.031"
"50610.008465/2019-17?;5389977;AT n. 01/2020;2020;BR-285;RS;Sul;09/04/2020;Boca de lobo combinada ? chapeu e grelha simples ? BLC 02 ? com grelha de ferro ? TCC 02 areia e brita comerciais.;10;und;R$ 1.561"
"50610.008465/2019-17?;5389977;AT n. 01/2020;2020;BR-285;RS;Sul;09/04/2020;Terminal absorvedor de energia.;29;und;R$ 6.747"
"50610.008465/2019-17?;5389977;AT n. 01/2020;2020;BR-285;RS;Sul;09/04/2020;Refletivo prismAtico.;7.729"
"50610.008465/2019-17?;5389977;AT n. 01/2020;2020;BR-285;RS;Sul;09/04/2020;Transplante de especies protegidas de medio porte.;95;und;R$ 1.629"
"50618.000279/2020-01-LOTE2;5561746;AT n. 09/2020;2020;BR-343;PI;Nordeste;06/05/2020;Perfuracao"
"50618.000279/2020-01-LOTE2;5561746;AT n. 09/2020;2020;BR-343;PI;Nordeste;06/05/2020;Concreto fck= 30 Mpa ? confeccao em central dosadora de 30 m3/h ? areia brita comerciais. ;2.351"
"50618.000279/2020-01-LOTE2;5561746;AT n. 09/2020;2020;BR-343;PI;Nordeste;06/05/2020;Concreto estr. fck= 40 Mpa-c.raz. c/adit. Confeccao em central dosadora de 30 m3/h. lanc. ? AC/BC. ;3.473"
"50618.000279/2020-01-LOTE2;5561746;AT n. 09/2020;2020;BR-343;PI;Nordeste;06/05/2020;Apicoamento mecanizado de concreto deteriorado ate 5 cm de profundidade. ;292"
"50618.000279/2020-01-LOTE2;5561746;AT n. 09/2020;2020;BR-343;PI;Nordeste;06/05/2020;Limpeza de superficie de concreto com jateamento d?Agua sob pressao. ;304"
"50618.000279/2020-01-LOTE2;5561746;AT n. 09/2020;2020;BR-343;PI;Nordeste;06/05/2020;Fornecimento e lancamento de concreto projetado fck ? 30 Mpa. ;82"
"50618.000279/2020-01-LOTE2;5561746;AT n. 09/2020;2020;BR-343;PI;Nordeste;06/05/2020;Andaimes suspensos de madeira"
"50618.000279/2020-01-LOTE2;5561746;AT n. 09/2020;2020;BR-343;PI;Nordeste;06/05/2020;Plataforma de servicos em chapas metAlicas (espessura 4"
"50618.000279/2020-01-LOTE2;5561746;AT n. 09/2020;2020;BR-343;PI;Nordeste;06/05/2020;Estaca metAlica perfil H ? W 200 mm x 59 mm (aquisicao"
"50618.000279/2020-01-LOTE2;5561746;AT n. 09/2020;2020;BR-343;PI;Nordeste;06/05/2020;Construcao de ensecadeira dupla em chapa de madeira comp. Resinada de 12 mm de espessura com afastamento interno de 30 cm"
"50618.000279/2020-01-LOTE2;5561746;AT n. 09/2020;2020;BR-343;PI;Nordeste;06/05/2020;Esgotamento de Agua com moto-bomba. ;480;h;R$ 22"
"50618.000279/2020-01-LOTE2;5561746;AT n. 09/2020;2020;BR-343;PI;Nordeste;06/05/2020;Execucao de furo de ?= 10 mm em estrutura de concreto armado. ;1"
"50618.000279/2020-01-LOTE2;5561746;AT n. 09/2020;2020;BR-343;PI;Nordeste;06/05/2020;Execucao de furo de ?= 12"
"50618.000279/2020-01-LOTE2;5561746;AT n. 09/2020;2020;BR-343;PI;Nordeste;06/05/2020;Execucao de furo de ?= 20 mm em estrutura de concreto armado.;1;m;R$ 58"
"50618.000279/2020-01-LOTE2;5561746;AT n. 09/2020;2020;BR-343;PI;Nordeste;06/05/2020;Colagem de armaduras em concreto com resina epoxi tipo Sikadur 32.;2"
"50618.000279/2020-01-LOTE2;5561746;AT n. 09/2020;2020;BR-343;PI;Nordeste;06/05/2020;Lancamento mecanico de concreto com bomba rebocAvel com capacidade de 30 m3/h. ;5.824"
"50618.000279/2020-01-LOTE2;5561746;AT n. 09/2020;2020;BR-343;PI;Nordeste;06/05/2020;Adensamento de concreto por vibrador de imersao. ;5.823"
"50618.000279/2020-01-LOTE2;5561746;AT n. 09/2020;2020;BR-343;PI;Nordeste;06/05/2020;Demolicao de gabiao caixa (lado esquerdo da ponte).;27;m?;R$ 247"
"50618.000279/2020-01-LOTE3;5561746;AT n. 09/2020;2020;BR-343;PI;Nordeste;06/05/2020;Concreto estr. fck= 30 Mpa-c.raz. c/adit. Confeccao em central dosadora de 30 m3/h. lanc. ? areia e brita comerciais.  ;3.900"
"50618.000279/2020-01-LOTE3;5561746;AT n. 09/2020;2020;BR-343;PI;Nordeste;06/05/2020;Concreto estr. fck= 40 Mpa-c.raz. c/adit. Confeccao em central dosadora de 30 m3/h. lanc. ? AC/BC.;2.228"
"50618.000279/2020-01-LOTE3;5561746;AT n. 09/2020;2020;BR-343;PI;Nordeste;06/05/2020;Lancamento e posicionamento de pre-lajes.  ;170"
"50618.000279/2020-01-LOTE3;5561746;AT n. 09/2020;2020;BR-343;PI;Nordeste;06/05/2020;Camada drenante para protecao de muros de contencao ? AC.  ;1.162"
"50618.000279/2020-01-LOTE3;5561746;AT n. 09/2020;2020;BR-343;PI;Nordeste;06/05/2020;Boca de lobo combinada ? chapeu e grelha concr. BLC 01 AC/BC.  ;128;und;R$ 1.615"
"50618.000279/2020-01-LOTE3;5561746;AT n. 09/2020;2020;BR-343;PI;Nordeste;06/05/2020;Boca de lobo combinada ? chapeu e grelha concr. BLC 02 AC/BC.  ;13;und;R$ 1.892"
"50618.000279/2020-01-LOTE3;5561746;AT n. 09/2020;2020;BR-343;PI;Nordeste;06/05/2020;Apicoamento mecanizado de concreto deteriorado ate 5 cm de profundidade.;57"
"50618.000279/2020-01-LOTE3;5561746;AT n. 09/2020;2020;BR-343;PI;Nordeste;06/05/2020;Limpeza de superficie de concreto com jateamento d?Agua sob pressao.;57"
"50618.000279/2020-01-LOTE3;5561746;AT n. 09/2020;2020;BR-343;PI;Nordeste;06/05/2020;Fornecimento e lancamento de concreto projetado fck ? 30 Mpa.;3"
"50618.000279/2020-01-LOTE3;5561746;AT n. 09/2020;2020;BR-343;PI;Nordeste;06/05/2020;Andaimes suspensos de madeira"
"50618.000279/2020-01-LOTE3;5561746;AT n. 09/2020;2020;BR-343;PI;Nordeste;06/05/2020;Execucao de solo cimento no traco 1:20.;335"
"50618.000279/2020-01-LOTE3;5561746;AT n. 09/2020;2020;BR-343;PI;Nordeste;06/05/2020;Poco de visita de 3"
"50618.000279/2020-01-LOTE3;5561746;AT n. 09/2020;2020;BR-343;PI;Nordeste;06/05/2020;Poco de visita de 4"
"50618.000279/2020-01-LOTE3;5561746;AT n. 09/2020;2020;BR-343;PI;Nordeste;06/05/2020;Bueiro metAlico com chapas m?ltiplas MP 100 galvanizadas ? D= 2"
"50618.000279/2020-01-LOTE3;5561746;AT n. 09/2020;2020;BR-343;PI;Nordeste;06/05/2020;Execucao de furo de ?= 12"
"50618.000279/2020-01-LOTE3;5561746;AT n. 09/2020;2020;BR-343;PI;Nordeste;06/05/2020;Execucao de furo de ?= 20 mm em estrutura de concreto armado.;14"
"50618.000279/2020-01-LOTE3;5561746;AT n. 09/2020;2020;BR-343;PI;Nordeste;06/05/2020;Colagem de armaduras em concreto com resina epoxi tipo Sikadur 32.;9"
"50618.000279/2020-01-LOTE3;5561746;AT n. 09/2020;2020;BR-343;PI;Nordeste;06/05/2020;Lancamento mecanico de concreto com bomba rebocAvel com capacidade de 30 m3/h.;5.995"
"50618.000279/2020-01-LOTE4;5561746;AT n. 09/2020;2020;BR-343;PI;Nordeste;06/05/2020;Concreto fck= 30 Mpa - confeccao em central dosadora de 30 m3/h - areia brita comerciais.;1.190"
"50618.000279/2020-01-LOTE4;5561746;AT n. 09/2020;2020;BR-343;PI;Nordeste;06/05/2020;Concreto estr. fck= 40 Mpa-c.raz. c/adit. Confeccao em central dosadora de 30 m3/h. lanc. - AC/BC.;288"
"50618.000279/2020-01-LOTE4;5561746;AT n. 09/2020;2020;BR-343;PI;Nordeste;06/05/2020;Lancamento e posicionamento de pre-lajes.  ;35"
"50618.000279/2020-01-LOTE4;5561746;AT n. 09/2020;2020;BR-343;PI;Nordeste;06/05/2020;Camada drenante para protecao de muros de contencao - AC.  ;89"
"50618.000279/2020-01-LOTE4;5561746;AT n. 09/2020;2020;BR-343;PI;Nordeste;06/05/2020;Lancamento mecanico de concreto com bomba rebocAvel com capacidade de 30 m3/h.  ;3.751"
"50618.000279/2020-01-LOTE4;5561746;AT n. 09/2020;2020;BR-343;PI;Nordeste;06/05/2020;Adensamento de concreto por vibrador de imersao.;1.478"
"50618.000279/2020-01-LOTE4;5561746;AT n. 09/2020;2020;BR-343;PI;Nordeste;06/05/2020;Escavacao"
"50618.000279/2020-01-LOTE4;5561746;AT n. 09/2020;2020;BR-343;PI;Nordeste;06/05/2020;Estaca escavada circular com uso de lama bentonitica - confeccao.;2.273"
"50618.000279/2020-01-LOTE4;5561746;AT n. 09/2020;2020;BR-343;PI;Nordeste;06/05/2020;Colchao drenante com espalhamento e compactacao mecanicos - BC.;455"
"50618.000279/2020-01-LOTE4;5561746;AT n. 09/2020;2020;BR-343;PI;Nordeste;06/05/2020;Barreira de seguranca simples - AC/BC (Muro de Arrimo).;285"
"50618.000279/2020-01-LOTE4;5561746;AT n. 09/2020;2020;BR-343;PI;Nordeste;06/05/2020;Barreira de seguranca simples - AC/BC (Viga de Coroamento).;694;m;R$ 506"
"50618.000279/2020-01-LOTE4;5561746;AT n. 09/2020;2020;BR-343;PI;Nordeste;06/05/2020;Barreira de seguranca dupla - AC/BC.  ;420;m;R$ 566"
"50018.000055/2020-51;52511084;AT n. 03/2020;2020;BR-364;AC;Norte;01/03/2020;Dreno vertical de brita ? brita comercial. ;1;m?;R$ 515"
"50018.000055/2020-51;52511084;AT n. 03/2020;2020;BR-364;AC;Norte;01/03/2020;Dreno vertical de areia ? areia comercial. ;1;m?;R$ 68"
"50018.000055/2020-51;52511084;AT n. 03/2020;2020;BR-364;AC;Norte;01/03/2020;Compactacao de aterro com solo-cimento na pista (cimento 2%);1;m?;R$ 34"
"50606.003807/2019-71;5139501;AT n. 59/2019;2019;BR-381;MG;Sudeste;06/03/2020;Fornecimento e instalacao de luminAria T?NEL LIGHT TN-100 ? V 7.5 ou similar. ;154;unid.;R$ 1.718"
"50606.003807/2019-71;5139501;AT n. 59/2019;2019;BR-381;MG;Sudeste;06/03/2020;Fornecimento e instalacao de luminArias T?NEL LIGHT TN-150 ? V 7.5 ou similar.;304;unid.;R$ 2.074"
"50606.003807/2019-71;5139501;AT n. 59/2019;2019;BR-381;MG;Sudeste;06/03/2020;""Fornecimento e aplicacao de Barra roscada polida 3/8"""" com chumbador quimico."";5.000"
"50606.003807/2019-71;5139501;AT n. 59/2019;2019;BR-381;MG;Sudeste;06/03/2020;""Fornecimento e instalacao de eletrocalhas galvanizadas a fogo tipo """"U"""" 400x100 mm com tampas e fixacoes laterais"";5.500"
"50606.003807/2019-71;5139501;AT n. 59/2019;2019;BR-381;MG;Sudeste;06/03/2020;Solda exotermica molde HCL-3/4 50-5 para instalacao de ponto de aterramento;48;unid.;R$ 202"
"50613.001592/2019-65;5448321;AT n. 54-2019;2019;BR-230;PB;Nordeste;17/04/2020;Remocao de colchao de areia com previsao de reaproveitamento. ;1.986"
"50613.001592/2019-65;5448321;AT n. 54-2019;2019;BR-230;PB;Nordeste;17/04/2020;Aplicacao de manta geotextil com resistencia a tracao 70 kn/m.;10.560"
"50613.001592/2019-65;5448321;AT n. 54-2019;2019;BR-230;PB;Nordeste;17/04/2020;Execucao de camada de rachao com reaproveitamento de areia para fechamento dos vazios. ;2.604"
"50613.001592/2019-65;5448321;AT n. 54-2019;2019;BR-230;PB;Nordeste;17/04/2020;Carga e transporte de areia (reaproveitamento da areia da remocao).;6.010"
"50613.001592/2019-65;5448321;AT n. 54-2019;2019;BR-230;PB;Nordeste;17/04/2020;Indenizacao de superficiArio. ;1.034"
"50613.001592/2019-65;5448321;AT n. 54-2019;2019;BR-230;PB;Nordeste;17/04/2020;Reparo localizado com argamassa 1:3.;0"
"50613.001592/2019-65;5448321;AT n. 54-2019;2019;BR-230;PB;Nordeste;17/04/2020;Reparo localizado com concreto ciclopico. ;1;m?;R$ 327"
"50613.001592/2019-65;5448321;AT n. 54-2019;2019;BR-230;PB;Nordeste;17/04/2020;Sub-base estabilizada granulometricamente com mistura solo brita (60% - 40%) na pista com reaproveitamento dos materiais solo e brita disponiveis no local.;755"
"50613.001592/2019-65;5448321;AT n. 54-2019;2019;BR-230;PB;Nordeste;17/04/2020;Fornecimento de bandeira para sinalizacao - utilizacao de 10 vezes. ;3;unid.;R$ 2"
"50613.001592/2019-65;5448321;AT n. 54-2019;2019;BR-230;PB;Nordeste;17/04/2020;Espalhamento e compactacao de material proveniente da fresagem. ;37"
"50613.001592/2019-65;5448321;AT n. 54-2019;2019;BR-230;PB;Nordeste;17/04/2020;Passeio em concreto simples"
"50614.000703/2020-40?;5508107;AT n. 07/2020;2020;BR-101;RN;Nordeste;24/04/2020;Argamassa para reparos e grouteamento.?;0"
"50614.000703/2020-40?;5508107;AT n. 07/2020;2020;BR-101;RN;Nordeste;24/04/2020;Perfuracao em concreto com coroa diamantada ? D= 100 mm.?;0"
"50009.00310/2020-74;;;2020;BR-210;RR;Norte;01/04/2020;Terminal absorvedor de energia ? de abertura. ;27;unid.;R$ 8.556"
"50009.00310/2020-74;;;2020;BR-210;RR;Norte;01/04/2020;Confeccao e instalacao de delineadores fixados em defensas. ;1.103"
